{
  "run_id": "216eb997b2394beba04bc2dbd30a4dac",
  "timestamp": "2026-03-07T08:03:44.858881+00:00",
  "model_id": "HuggingFaceTB/SmolLM2-135M-Instruct",
  "entropy_a": 5.296596997156007,
  "entropy_b": 5.348445527282177,
  "entropy_delta": 0.05184853012617019,
  "delta_gap_d10": 4.9343245538895844e-17,
  "delta_gap_d50": 0.07669173390586259,
  "delta_gap_d100": 0.05184853012617019,
  "delta_gap_d200": 0.05184853012617019,
  "delta_gap_d500": 0.05184853012617019
}
