{
  "run_id": "2be6bbe3f86142059e413a0173d52e6d",
  "timestamp": "2026-03-29T12:14:52.987858+00:00",
  "model_id": "command-a",
  "entropy_a": 4.697181011486015,
  "entropy_b": 4.765287435531993,
  "entropy_delta": 0.06810642404597811,
  "delta_gap_d10": 0.06666666666666672,
  "delta_gap_d50": 0.03609640474436837,
  "delta_gap_d100": 0.06810642404597811,
  "delta_gap_d200": 0.06810642404597811,
  "delta_gap_d500": 0.06810642404597811
}
