{
  "run_id": "626b3df00af94cf5adc755f6ffe84f3e",
  "timestamp": "2026-03-26T16:39:01.100261+00:00",
  "model_id": "command-a",
  "entropy_a": 4.697181011486015,
  "entropy_b": 4.765287435531993,
  "entropy_delta": 0.06810642404597811,
  "delta_gap_d10": 0.06666666666666672,
  "delta_gap_d50": 0.03609640474436837,
  "delta_gap_d100": 0.06810642404597811,
  "delta_gap_d200": 0.06810642404597811,
  "delta_gap_d500": 0.06810642404597811
}
