{
  "run_id": "a1ae1b8727734a4889cab155b4973b7b",
  "timestamp": "2026-03-27T03:47:17.818211+00:00",
  "model_id": "command-a",
  "entropy_a": 4.697181011486015,
  "entropy_b": 4.765287435531993,
  "entropy_delta": 0.06810642404597811,
  "delta_gap_d10": 0.06666666666666672,
  "delta_gap_d50": 0.03609640474436837,
  "delta_gap_d100": 0.06810642404597811,
  "delta_gap_d200": 0.06810642404597811,
  "delta_gap_d500": 0.06810642404597811
}
