{
  "run_id": "bf03056e656b42b7b0735ef8493566de",
  "timestamp": "2026-03-29T12:14:52.856103+00:00",
  "model_id": "qwen-3",
  "entropy_a": 4.787782031835941,
  "entropy_b": 4.746115365169274,
  "entropy_delta": -0.04166666666666696,
  "delta_gap_d10": 0.08000000000000007,
  "delta_gap_d50": 0.04166666666666696,
  "delta_gap_d100": 0.04166666666666696,
  "delta_gap_d200": 0.04166666666666696,
  "delta_gap_d500": 0.04166666666666696
}
