{
  "run_id": "69d4a62dfe9546c68c4ddff095b5bd75",
  "timestamp": "2026-03-28T05:03:22.047538+00:00",
  "model_id": "qwen-3",
  "entropy_a": 4.787782031835941,
  "entropy_b": 4.746115365169274,
  "entropy_delta": -0.04166666666666696,
  "delta_gap_d10": 0.08000000000000007,
  "delta_gap_d50": 0.04166666666666696,
  "delta_gap_d100": 0.04166666666666696,
  "delta_gap_d200": 0.04166666666666696,
  "delta_gap_d500": 0.04166666666666696
}
