{
  "run_id": "49321b9cb6af4d4bb1212403f025b295",
  "timestamp": "2026-03-28T10:48:15.651329+00:00",
  "model_id": "qwen-3",
  "entropy_a": 4.787782031835941,
  "entropy_b": 4.746115365169274,
  "entropy_delta": -0.04166666666666696,
  "delta_gap_d10": 0.08000000000000007,
  "delta_gap_d50": 0.04166666666666696,
  "delta_gap_d100": 0.04166666666666696,
  "delta_gap_d200": 0.04166666666666696,
  "delta_gap_d500": 0.04166666666666696
}
