{
  "run_id": "24eaec5be390469394dce8ca4e4a13d3",
  "timestamp": "2026-03-27T03:47:17.627079+00:00",
  "model_id": "mistral-large-3",
  "entropy_a": 4.82323142879762,
  "entropy_b": 4.856564762130954,
  "entropy_delta": 0.033333333333333215,
  "delta_gap_d10": 0.06666666666666665,
  "delta_gap_d50": 0.04754887502163507,
  "delta_gap_d100": 0.033333333333333215,
  "delta_gap_d200": 0.033333333333333215,
  "delta_gap_d500": 0.033333333333333215
}
