{
  "run_id": "43e988b5974b484086c88a26e8f06baa",
  "timestamp": "2026-03-28T10:48:15.369618+00:00",
  "model_id": "mistral-large-3",
  "entropy_a": 4.82323142879762,
  "entropy_b": 4.856564762130954,
  "entropy_delta": 0.033333333333333215,
  "delta_gap_d10": 0.06666666666666665,
  "delta_gap_d50": 0.04754887502163507,
  "delta_gap_d100": 0.033333333333333215,
  "delta_gap_d200": 0.033333333333333215,
  "delta_gap_d500": 0.033333333333333215
}
