{
  "run_id": "ac3ce56c76ef498e876cdf872a3a04f3",
  "timestamp": "2026-03-28T10:48:15.084498+00:00",
  "model_id": "deepseek-r2",
  "entropy_a": 4.64850799654497,
  "entropy_b": 4.50685827863011,
  "entropy_delta": -0.14164971791485925,
  "delta_gap_d10": 0.06666666666666658,
  "delta_gap_d50": 0.07709505944546757,
  "delta_gap_d100": 0.14164971791485925,
  "delta_gap_d200": 0.14164971791485925,
  "delta_gap_d500": 0.14164971791485925
}
