{
  "run_id": "c291b3bc647041688642668f065aebac",
  "timestamp": "2026-03-28T05:03:21.319641+00:00",
  "model_id": "claude-sonnet-4-6",
  "entropy_a": 4.9117384298164914,
  "entropy_b": 4.979934179450871,
  "entropy_delta": 0.06819574963437969,
  "delta_gap_d10": 0.05714285714285726,
  "delta_gap_d50": 0.015097750043269631,
  "delta_gap_d100": 0.06819574963437969,
  "delta_gap_d200": 0.06819574963437969,
  "delta_gap_d500": 0.06819574963437969
}
