{
  "run_id": "97ec903964ea44d3be9bb45f3c7097f4",
  "timestamp": "2026-03-27T03:47:17.689222+00:00",
  "model_id": "grok-3",
  "entropy_a": 4.815123160142244,
  "entropy_b": 4.884168106904726,
  "entropy_delta": 0.06904494676248163,
  "delta_gap_d10": 0.07999999999999989,
  "delta_gap_d50": 0.06904494676248163,
  "delta_gap_d100": 0.06904494676248163,
  "delta_gap_d200": 0.06904494676248163,
  "delta_gap_d500": 0.06904494676248163
}
