{
  "run_id": "c66e09d7b2ce446fbdeed8f3558ce955",
  "timestamp": "2026-03-26T16:39:00.782574+00:00",
  "model_id": "grok-3",
  "entropy_a": 4.815123160142244,
  "entropy_b": 4.884168106904726,
  "entropy_delta": 0.06904494676248163,
  "delta_gap_d10": 0.07999999999999989,
  "delta_gap_d50": 0.06904494676248163,
  "delta_gap_d100": 0.06904494676248163,
  "delta_gap_d200": 0.06904494676248163,
  "delta_gap_d500": 0.06904494676248163
}
