{
  "run_id": "42fb37e3eb36462e8a0d36c7c71cb28e",
  "timestamp": "2026-03-26T16:39:00.428172+00:00",
  "model_id": "llama-4-maverick",
  "entropy_a": 4.893909495801819,
  "entropy_b": 4.929113702352963,
  "entropy_delta": 0.035204206551144424,
  "delta_gap_d10": 0.06666666666666672,
  "delta_gap_d50": 0.02796731482129866,
  "delta_gap_d100": 0.035204206551144424,
  "delta_gap_d200": 0.035204206551144424,
  "delta_gap_d500": 0.035204206551144424
}
