{
  "run_id": "71a32cc5619b4d03a68f3086311e747a",
  "timestamp": "2026-03-27T03:47:17.402026+00:00",
  "model_id": "gemini-2.5-flash",
  "entropy_a": 5.002479553833678,
  "entropy_b": 4.956564762130954,
  "entropy_delta": -0.04591479170272361,
  "delta_gap_d10": 0.03333333333333336,
  "delta_gap_d50": 0.020000000000000462,
  "delta_gap_d100": 0.04591479170272361,
  "delta_gap_d200": 0.04591479170272361,
  "delta_gap_d500": 0.04591479170272361
}
