{
  "run_id": "6976db03c3ff41a38e629a7de6f8d93a",
  "timestamp": "2026-03-27T03:47:17.260084+00:00",
  "model_id": "o3",
  "entropy_a": 4.751610325528166,
  "entropy_b": 4.762267390651493,
  "entropy_delta": 0.010657065123327314,
  "delta_gap_d10": 0.039999999999999945,
  "delta_gap_d50": 0.010657065123327314,
  "delta_gap_d100": 0.010657065123327314,
  "delta_gap_d200": 0.010657065123327314,
  "delta_gap_d500": 0.010657065123327314
}
