{
  "run_id": "338e5a0950f94017b34c31c46287b7ef",
  "timestamp": "2026-03-29T12:14:51.757528+00:00",
  "model_id": "o3",
  "entropy_a": 4.751610325528166,
  "entropy_b": 4.762267390651493,
  "entropy_delta": 0.010657065123327314,
  "delta_gap_d10": 0.039999999999999945,
  "delta_gap_d50": 0.010657065123327314,
  "delta_gap_d100": 0.010657065123327314,
  "delta_gap_d200": 0.010657065123327314,
  "delta_gap_d500": 0.010657065123327314
}
