{
  "run_id": "3c42067954d044ab92ef068b513bc23c",
  "timestamp": "2026-03-26T16:38:59.543155+00:00",
  "model_id": "o3",
  "entropy_a": 4.751610325528166,
  "entropy_b": 4.762267390651493,
  "entropy_delta": 0.010657065123327314,
  "delta_gap_d10": 0.039999999999999945,
  "delta_gap_d50": 0.010657065123327314,
  "delta_gap_d100": 0.010657065123327314,
  "delta_gap_d200": 0.010657065123327314,
  "delta_gap_d500": 0.010657065123327314
}
